id,first_name,last_name,email,gender,ip_address
1,Rubi,Tuckwell,rtuckwell0@phoca.cz,Female,52.129.100.114
2,Millicent,Kasbye,mkasbye1@usda.gov,Female,204.234.199.145
3,Travers,Witnall,twitnall2@hubpages.com,Male,68.162.97.209
4,Alvinia,Mertsching,amertsching3@msu.edu,Female,81.190.78.6
5,Alisa,Samwayes,asamwayes4@goo.gl,Female,118.78.120.173
6,Fayre,Loosemore,floosemore5@cafepress.com,Female,192.192.191.120
7,Fiona,Cornock,fcornock6@smh.com.au,Female,144.43.201.175
8,Ransom,Craisford,rcraisford7@blogspot.com,Male,211.33.129.122
9,Aurilia,Hrishanok,ahrishanok8@51.la,Female,124.177.134.24
10,Monro,Leyshon,mleyshon9@devhub.com,Male,173.222.95.234
11,Jareb,Chester,jchestera@zdnet.com,Male,121.30.178.209
12,Korie,Scoullar,kscoullarb@answers.com,Female,188.133.101.58
13,Hillary,Matuszkiewicz,hmatuszkiewiczc@phpbb.com,Female,109.244.74.21
14,Murdoch,Ashdown,mashdownd@livejournal.com,Male,186.13.97.26
15,Larry,Deamer,ldeamere@nih.gov,Male,198.203.161.37
16,Efren,McCotter,emccotterf@dell.com,Male,53.213.184.244
17,Val,Challes,vchallesg@jigsy.com,Female,241.248.68.188
18,Lishe,Rugge,lruggeh@angelfire.com,Female,110.85.144.156
19,Corrie,Foucard,cfoucardi@vkontakte.ru,Male,172.24.217.231
20,Bridgette,Abate,babatej@pbs.org,Female,132.245.207.19
21,Raimondo,Roussell,rroussellk@mit.edu,Male,123.220.229.34
22,Sapphira,Finicj,sfinicjl@mlb.com,Female,122.212.194.203
23,Tamara,Paris,tparism@163.com,Female,209.124.231.242
24,Bonny,Alpe,balpen@taobao.com,Female,190.151.68.42
25,Brenna,Dubose,bduboseo@jigsy.com,Female,67.137.53.113
26,Alvy,Fernant,afernantp@fema.gov,Male,226.250.53.190
27,Kinsley,Burr,kburrq@flavors.me,Male,110.35.142.67
28,Efren,Northover,enorthoverr@upenn.edu,Male,192.39.103.0
29,Violet,Renny,vrennys@redcross.org,Female,158.51.188.221
30,Chelsey,De Ambrosi,cdeambrosit@livejournal.com,Female,60.229.179.88
31,Thatch,Doyle,tdoyleu@oracle.com,Male,52.167.168.18
32,Jamima,Mugg,jmuggv@multiply.com,Female,40.10.80.225
33,Alexine,Drieu,adrieuw@facebook.com,Female,139.232.54.78
34,Larry,Parnham,lparnhamx@statcounter.com,Male,117.165.80.82
35,Cordie,Dearl,cdearly@army.mil,Female,59.217.76.24
36,Kayley,Sturr,ksturrz@exblog.jp,Female,195.171.167.26
37,Nickolaus,Harbottle,nharbottle10@delicious.com,Male,8.54.14.195
38,Umeko,Cathro,ucathro11@imageshack.us,Female,105.148.39.235
39,Gray,Fernandes,gfernandes12@bandcamp.com,Male,198.24.65.13
40,Herc,Arnecke,harnecke13@statcounter.com,Male,192.141.62.151
41,Nikolaos,McKimmey,nmckimmey14@tmall.com,Male,6.162.132.205
42,Lavena,Keig,lkeig15@free.fr,Female,30.165.170.106
43,Natalee,Foss,nfoss16@smugmug.com,Female,220.184.58.136
44,Georgia,Huitson,ghuitson17@guardian.co.uk,Female,45.220.143.87
45,Elia,Mumbeson,emumbeson18@admin.ch,Male,103.7.45.5
46,Reynolds,D'Aubney,rdaubney19@sciencedaily.com,Male,233.157.202.247
47,Fitzgerald,Nizard,fnizard1a@addtoany.com,Male,147.147.55.1
48,Carita,Dulinty,cdulinty1b@t-online.de,Female,60.178.51.249
49,Tiebold,Bater,tbater1c@ft.com,Male,66.200.107.60
50,Anallese,Alliston,aalliston1d@ftc.gov,Female,14.114.212.13
51,Nicolis,Castanone,ncastanone1e@cocolog-nifty.com,Male,64.221.173.174
52,Randene,Winfindale,rwinfindale1f@bigcartel.com,Female,80.44.51.56
53,Ailee,Conner,aconner1g@trellian.com,Female,179.138.67.191
54,Keene,Cavell,kcavell1h@vk.com,Male,193.78.33.20
55,Karleen,Polo,kpolo1i@imdb.com,Female,70.243.224.152
56,Julietta,Siddon,jsiddon1j@4shared.com,Female,201.167.150.131
57,Caritta,Beuscher,cbeuscher1k@github.com,Female,229.248.124.146
58,Lou,Nazareth,lnazareth1l@digg.com,Male,155.8.225.191
59,Gaelan,Warrender,gwarrender1m@webeden.co.uk,Male,108.32.26.89
60,Candis,Spencers,cspencers1n@amazonaws.com,Female,38.30.70.228
61,Fidelity,Calam,fcalam1o@imdb.com,Female,176.167.135.2
62,Dalis,Hayworth,dhayworth1p@so-net.ne.jp,Male,102.17.156.18
63,Bianca,Collins,bcollins1q@earthlink.net,Female,55.234.235.43
64,Felice,Prazer,fprazer1r@constantcontact.com,Male,78.78.102.39
65,Lucretia,Antonognoli,lantonognoli1s@wikimedia.org,Female,136.146.232.192
66,Dorrie,Jellard,djellard1t@quantcast.com,Female,26.106.176.205
67,York,Neasam,yneasam1u@cnet.com,Male,40.33.36.49
68,Dare,MacHostie,dmachostie1v@mit.edu,Male,121.41.32.123
69,Marcy,Ockland,mockland1w@fema.gov,Female,192.36.28.29
70,Conway,Castellaccio,ccastellaccio1x@altervista.org,Male,43.83.152.149
71,Modesta,Jandak,mjandak1y@go.com,Female,29.180.14.142
72,Alicea,Basili,abasili1z@hhs.gov,Female,113.41.143.114
73,Antons,Pollie,apollie20@wunderground.com,Male,119.189.254.171
74,Tressa,Shillam,tshillam21@amazon.co.uk,Female,202.202.202.53
75,Clare,Casiero,ccasiero22@house.gov,Female,206.12.214.26
76,Sophi,Roof,sroof23@japanpost.jp,Female,100.210.115.90
77,Staford,Beynon,sbeynon24@zdnet.com,Male,159.250.15.171
78,Vidovic,Goodere,vgoodere25@hhs.gov,Male,134.240.156.10
79,Jan,Room,jroom26@sogou.com,Male,81.222.125.3
80,Denni,Lengthorn,dlengthorn27@bravesites.com,Female,148.243.248.75
81,Korney,Bellas,kbellas28@phoca.cz,Female,244.50.232.67
82,Pierce,Dawnay,pdawnay29@prlog.org,Male,188.58.67.8
83,Traci,Greystoke,tgreystoke2a@over-blog.com,Female,33.140.28.222
84,Shepherd,Vickar,svickar2b@ning.com,Male,142.35.177.89
85,Aurea,Winear,awinear2c@sohu.com,Female,220.225.227.24
86,Pia,McCritchie,pmccritchie2d@noaa.gov,Female,105.175.109.59
87,Lori,Croft,lcroft2e@nba.com,Female,254.166.166.103
88,Eugen,Locket,elocket2f@adobe.com,Male,229.116.146.211
89,Gussie,Ibarra,gibarra2g@nature.com,Female,160.9.160.194
90,Pearce,Chesnay,pchesnay2h@weebly.com,Male,154.3.54.18
91,Bailey,Curteis,bcurteis2i@theglobeandmail.com,Male,95.240.47.35
92,Garrek,Golley,ggolley2j@opera.com,Male,69.125.67.86
93,Zulema,Slym,zslym2k@free.fr,Female,54.198.104.80
94,Bevin,Gossington,bgossington2l@senate.gov,Male,24.25.134.108
95,Nanete,Brennen,nbrennen2m@house.gov,Female,29.228.28.180
96,Ketti,Leggan,kleggan2n@cargocollective.com,Female,175.159.244.73
97,Laney,Melsome,lmelsome2o@vinaora.com,Female,148.115.5.28
98,Vasily,Ruxton,vruxton2p@mozilla.org,Male,252.93.5.17
99,Gallard,Base,gbase2q@topsy.com,Male,1.202.164.120
100,Laurice,Pallin,lpallin2r@storify.com,Female,61.175.172.9
101,Aubert,Milleton,amilleton2s@epa.gov,Male,0.151.248.235
102,Juliana,Satchell,jsatchell2t@blinklist.com,Female,149.171.133.102
103,Brendan,Boustead,bboustead2u@devhub.com,Male,201.143.228.238
104,Claudell,Fominov,cfominov2v@census.gov,Male,31.30.108.19
105,Bennett,Bleeze,bbleeze2w@hatena.ne.jp,Male,54.217.196.139
106,Mady,Bottomley,mbottomley2x@ft.com,Female,188.160.188.29
107,Rudie,Kinsell,rkinsell2y@redcross.org,Male,149.200.66.201
108,Gabriel,Ranahan,granahan2z@arstechnica.com,Male,196.94.160.173
109,Marjy,Skewes,mskewes30@prlog.org,Female,13.245.57.184
110,Jordana,Christofle,jchristofle31@devhub.com,Female,122.135.250.63
111,Cathi,Wadham,cwadham32@xrea.com,Female,114.155.177.147
112,Gay,Brastead,gbrastead33@aboutads.info,Female,180.115.170.69
113,Geri,Kybert,gkybert34@etsy.com,Female,231.123.101.192
114,Celeste,Wickey,cwickey35@stanford.edu,Female,232.89.2.88
115,Freedman,McMains,fmcmains36@google.com.br,Male,182.54.172.212
116,Therese,Peagrim,tpeagrim37@senate.gov,Female,12.128.247.43
117,Isabella,Aisman,iaisman38@netvibes.com,Female,22.23.133.172
118,Iain,Russilll,irussilll39@mapy.cz,Male,65.158.51.153
119,Duane,Limpricht,dlimpricht3a@homestead.com,Male,139.244.30.134
120,Robenia,Maylour,rmaylour3b@flickr.com,Female,100.120.89.9
121,Drusy,Perrinchief,dperrinchief3c@t-online.de,Female,86.84.254.39
122,Chip,Ripping,cripping3d@usnews.com,Male,218.13.18.126
123,Davie,Millgate,dmillgate3e@squidoo.com,Male,138.96.15.108
124,Perice,Caudray,pcaudray3f@mlb.com,Male,20.115.205.249
125,Colleen,Elsmore,celsmore3g@scribd.com,Female,186.249.65.0
126,Delila,Nickless,dnickless3h@wix.com,Female,246.221.117.82
127,Merrill,Honeyghan,mhoneyghan3i@gmpg.org,Female,35.132.49.32
128,Cinderella,Loadman,cloadman3j@sourceforge.net,Female,112.237.218.235
129,Fidole,Doidge,fdoidge3k@columbia.edu,Male,89.210.142.228
130,Meridel,Waskett,mwaskett3l@unicef.org,Female,165.207.151.218
131,Wally,Hritzko,whritzko3m@cornell.edu,Male,123.192.211.240
132,Sisely,Hover,shover3n@qq.com,Female,69.234.138.200
133,Robyn,Oswick,roswick3o@360.cn,Female,170.137.18.29
134,Engracia,Lymbourne,elymbourne3p@twitter.com,Female,105.235.71.220
135,Faythe,Maydwell,fmaydwell3q@wufoo.com,Female,122.184.114.174
136,Phillida,Mc Grath,pmcgrath3r@4shared.com,Female,117.19.158.166
137,Dorthea,Deam,ddeam3s@arstechnica.com,Female,215.194.44.121
138,Frazer,Tapner,ftapner3t@mail.ru,Male,86.159.89.147
139,Jaime,Hambly,jhambly3u@clickbank.net,Male,71.219.121.18
140,Anastasia,Venneur,avenneur3v@google.it,Female,82.65.67.15
141,Emmerich,Aggs,eaggs3w@de.vu,Male,145.130.73.194
142,Tallou,O' Driscoll,todriscoll3x@icq.com,Female,255.127.217.26
143,Raff,Pym,rpym3y@flavors.me,Male,243.26.222.245
144,Arri,Groveham,agroveham3z@hud.gov,Male,250.181.242.14
145,Gabi,Siebart,gsiebart40@vistaprint.com,Male,184.31.14.118
146,Krisha,Dipple,kdipple41@nsw.gov.au,Male,148.205.55.83
147,Jessalin,Tomei,jtomei42@nymag.com,Female,30.216.213.252
148,Julietta,Fitzsimon,jfitzsimon43@prnewswire.com,Female,144.152.14.67
149,Vanny,Oxlee,voxlee44@t-online.de,Female,123.64.119.251
150,Martha,Linnell,mlinnell45@networkadvertising.org,Female,249.71.183.157
151,Granny,Kellog,gkellog46@chicagotribune.com,Male,41.26.59.175
152,Stillmann,Carnachen,scarnachen47@cloudflare.com,Male,98.165.90.35
153,Sosanna,Edgars,sedgars48@wix.com,Female,123.141.50.26
154,Bruce,Timbrell,btimbrell49@wisc.edu,Male,69.33.6.201
155,Sheeree,Trayling,strayling4a@patch.com,Female,3.19.157.165
156,Ada,Leggitt,aleggitt4b@sohu.com,Female,44.39.174.67
157,Freeland,Jaquemar,fjaquemar4c@fastcompany.com,Male,232.146.6.234
158,Ingram,Smail,ismail4d@eepurl.com,Male,171.149.75.159
159,Ganny,Wolfenden,gwolfenden4e@twitpic.com,Male,187.87.178.42
160,Berti,McDuffie,bmcduffie4f@businessinsider.com,Female,159.170.109.150
161,Devan,Ormonde,dormonde4g@wufoo.com,Female,198.76.55.154
162,Morse,Farrans,mfarrans4h@cafepress.com,Male,180.169.11.58
163,North,Vandenhoff,nvandenhoff4i@tiny.cc,Male,61.192.149.241
164,Larissa,Lindeboom,llindeboom4j@blinklist.com,Female,48.41.107.46
165,Shannan,Goldfinch,sgoldfinch4k@mapy.cz,Male,188.122.218.72
166,Annaliese,Danaher,adanaher4l@google.co.jp,Female,245.96.158.157
167,Karolina,Kennion,kkennion4m@livejournal.com,Female,92.30.130.166
168,Augy,McCallion,amccallion4n@ucoz.ru,Male,78.163.204.21
169,Shirlene,Wanek,swanek4o@reddit.com,Female,171.207.87.83
170,Jayne,Dressel,jdressel4p@yahoo.co.jp,Female,212.94.104.71
171,Karin,Gane,kgane4q@marriott.com,Female,20.156.166.101
172,Lane,Pahler,lpahler4r@phpbb.com,Female,205.55.124.243
173,Noell,Deeming,ndeeming4s@wunderground.com,Female,89.242.239.214
174,Madalyn,Gimblet,mgimblet4t@wired.com,Female,68.137.147.105
175,Urbain,Stollmeyer,ustollmeyer4u@joomla.org,Male,225.68.108.83
176,Silvanus,Flintuff,sflintuff4v@dropbox.com,Male,119.186.163.106
177,Joye,MacCourt,jmaccourt4w@mac.com,Female,67.85.140.239
178,Modesty,Minors,mminors4x@dmoz.org,Female,129.72.89.76
179,Geno,Dows,gdows4y@photobucket.com,Male,172.135.227.229
180,Josefina,O'Neal,joneal4z@hhs.gov,Female,226.173.122.126
181,Steve,Finnemore,sfinnemore50@census.gov,Male,132.73.227.118
182,Case,Brundale,cbrundale51@blinklist.com,Male,149.159.126.58
183,Callie,Wiffler,cwiffler52@4shared.com,Female,231.114.88.254
184,Adriane,Mawman,amawman53@berkeley.edu,Female,100.30.129.202
185,Nobe,Platt,nplatt54@g.co,Male,119.86.153.92
186,Moss,Overstall,moverstall55@wikipedia.org,Male,238.93.251.187
187,Velvet,Arndell,varndell56@alexa.com,Female,180.178.65.99
188,Roger,Ivanaev,rivanaev57@apache.org,Male,157.183.200.159
189,Tull,Faldo,tfaldo58@latimes.com,Male,158.117.43.112
190,Vin,Pritty,vpritty59@gov.uk,Male,136.181.178.95
191,Sadie,MacCostigan,smaccostigan5a@freewebs.com,Female,105.102.182.30
192,Dollie,Jakolevitch,djakolevitch5b@statcounter.com,Female,0.45.76.197
193,Washington,Jope,wjope5c@ebay.co.uk,Male,93.166.26.102
194,Casey,O'Codihie,cocodihie5d@samsung.com,Female,18.193.240.57
195,Robin,Smye,rsmye5e@home.pl,Male,7.189.82.117
196,Holli,Fearnsides,hfearnsides5f@mapquest.com,Female,193.184.19.45
197,Gavin,Freschini,gfreschini5g@cornell.edu,Male,13.44.30.116
198,Daphne,Fairhurst,dfairhurst5h@parallels.com,Female,110.140.22.154
199,Tulley,Maciaszczyk,tmaciaszczyk5i@quantcast.com,Male,36.169.240.44
200,Cad,Girogetti,cgirogetti5j@elpais.com,Male,254.123.10.230
201,Morey,Harse,mharse5k@booking.com,Male,39.141.178.155
202,Randell,Sydenham,rsydenham5l@hibu.com,Male,174.144.140.33
203,Nataniel,Merrison,nmerrison5m@lycos.com,Male,101.146.175.188
204,Gertie,Zincke,gzincke5n@google.com.au,Female,29.55.170.85
205,Alikee,Charles,acharles5o@youtu.be,Female,94.130.75.120
206,Teirtza,Kemster,tkemster5p@wsj.com,Female,225.48.229.14
207,Niven,Shorthouse,nshorthouse5q@com.com,Male,101.132.154.99
208,Ricky,Bison,rbison5r@soundcloud.com,Female,23.152.72.55
209,Colline,Bullard,cbullard5s@imgur.com,Female,15.214.107.97
210,Shir,Meynell,smeynell5t@list-manage.com,Female,54.175.251.58
211,Elke,Trase,etrase5u@squarespace.com,Female,229.214.194.86
212,Tannie,Craik,tcraik5v@wired.com,Male,172.198.232.181
213,Christopher,Diggell,cdiggell5w@privacy.gov.au,Male,33.216.226.252
214,Kaylee,Osbidston,kosbidston5x@blogtalkradio.com,Female,50.160.106.166
215,Eb,Bourget,ebourget5y@google.com,Male,157.185.215.230
216,Beryle,Blatchford,bblatchford5z@123-reg.co.uk,Female,238.6.2.101
217,Ferguson,Meyer,fmeyer60@economist.com,Male,120.211.247.191
218,Serena,Wearing,swearing61@reddit.com,Female,71.105.168.14
219,Jemmie,Side,jside62@unblog.fr,Female,97.250.185.6
220,Sergent,Bremond,sbremond63@google.ca,Male,221.199.240.188
221,Cary,Blackborow,cblackborow64@twitter.com,Female,204.84.68.67
222,Chelsy,Maron,cmaron65@spotify.com,Female,80.39.134.12
223,Reid,Redgrave,rredgrave66@microsoft.com,Male,140.118.4.185
224,Bogey,Pettinger,bpettinger67@wix.com,Male,117.59.154.40
225,Hersch,Lissandre,hlissandre68@cyberchimps.com,Male,69.176.61.25
226,Abdel,Rackham,arackham69@hibu.com,Male,165.42.14.229
227,Lissi,Clegg,lclegg6a@oaic.gov.au,Female,20.209.6.30
228,Marlo,Laurence,mlaurence6b@adobe.com,Male,248.87.197.5
229,Hervey,Romaines,hromaines6c@meetup.com,Male,249.220.231.106
230,Donall,Ivakhin,divakhin6d@census.gov,Male,68.24.36.199
231,Emlynne,Pawlett,epawlett6e@google.de,Female,145.105.92.215
232,Bevan,Eidler,beidler6f@ycombinator.com,Male,121.154.73.35
233,Nani,Bernardos,nbernardos6g@dyndns.org,Female,112.142.87.152
234,Sherri,Baptie,sbaptie6h@photobucket.com,Female,94.202.221.193
235,Tabby,Hurdle,thurdle6i@photobucket.com,Male,176.33.140.23
236,Julius,Blackledge,jblackledge6j@hc360.com,Male,62.9.65.91
237,Geralda,Tarren,gtarren6k@cafepress.com,Female,106.203.30.246
238,Nicolais,Taylour,ntaylour6l@bizjournals.com,Male,137.100.142.17
239,Lynda,Hamblett,lhamblett6m@mediafire.com,Female,194.87.100.169
240,Farleigh,Taillant,ftaillant6n@mashable.com,Male,86.84.195.98
241,Van,Pygott,vpygott6o@opensource.org,Male,11.209.62.38
242,Brigg,Challes,bchalles6p@archive.org,Male,151.119.34.245
243,Drusi,Bartram,dbartram6q@dedecms.com,Female,199.154.96.19
244,Consuelo,Markwell,cmarkwell6r@smugmug.com,Female,86.21.210.176
245,Alethea,Basson,abasson6s@narod.ru,Female,12.152.207.126
246,Joelle,Karpf,jkarpf6t@blogtalkradio.com,Female,64.43.96.235
247,Lyle,Gabala,lgabala6u@cafepress.com,Male,119.166.255.2
248,Stephannie,Moynihan,smoynihan6v@washington.edu,Female,145.117.171.84
249,Caresse,Mulderrig,cmulderrig6w@bluehost.com,Female,115.3.70.138
250,Cori,Toppas,ctoppas6x@myspace.com,Male,73.118.210.97
251,Cthrine,Hamner,chamner6y@dion.ne.jp,Female,6.216.255.232
252,Ruy,Duckit,rduckit6z@twitpic.com,Male,189.117.1.156
253,Holli,Donet,hdonet70@reuters.com,Female,1.107.71.107
254,Brooks,Cannaway,bcannaway71@photobucket.com,Male,148.79.210.221
255,Ashley,Fraulo,afraulo72@acquirethisname.com,Male,89.220.34.47
256,Benji,Presley,bpresley73@ameblo.jp,Male,205.64.216.7
257,Nicolina,Keys,nkeys74@rambler.ru,Female,86.157.224.40
258,Lyle,Routh,lrouth75@ucsd.edu,Male,64.160.157.78
259,Joannes,Nolli,jnolli76@lulu.com,Female,251.10.146.111
260,Talya,Willerson,twillerson77@bloomberg.com,Female,209.105.157.151
261,Nat,Maraga,nmaraga78@geocities.jp,Female,107.118.195.177
262,Kippie,Schutze,kschutze79@google.pl,Female,12.83.12.245
263,Rick,Shearmur,rshearmur7a@last.fm,Male,182.67.60.25
264,Taddeusz,MacCoughen,tmaccoughen7b@wordpress.org,Male,158.11.93.251
265,Daria,Lyddyard,dlyddyard7c@deliciousdays.com,Female,44.153.44.161
266,Astrix,Sertin,asertin7d@lycos.com,Female,254.154.90.122
267,Farlee,Colby,fcolby7e@springer.com,Male,65.122.160.240
268,Carolus,Sarrell,csarrell7f@ow.ly,Male,224.66.169.174
269,Sephira,Durram,sdurram7g@phoca.cz,Female,61.86.199.18
270,Winnifred,Goodered,wgoodered7h@woothemes.com,Female,49.19.75.220
271,Diann,Bousquet,dbousquet7i@umn.edu,Female,231.76.175.163
272,Ebenezer,Pattemore,epattemore7j@smugmug.com,Male,221.99.194.145
273,Nikolas,Shreve,nshreve7k@feedburner.com,Male,172.76.250.236
274,Arman,Ratlee,aratlee7l@istockphoto.com,Male,182.41.117.252
275,Shane,Chomicki,schomicki7m@noaa.gov,Male,85.247.71.128
276,Violet,Sickert,vsickert7n@army.mil,Female,238.150.191.222
277,Tris,Stambridge,tstambridge7o@hibu.com,Male,154.223.3.77
278,Hoebart,Alebrooke,halebrooke7p@businessweek.com,Male,44.78.45.128
279,Pierce,Mechan,pmechan7q@businessinsider.com,Male,196.197.3.184
280,Jamie,Symcoxe,jsymcoxe7r@deliciousdays.com,Male,150.70.2.238
281,Freddy,Zorzin,fzorzin7s@t.co,Male,107.4.205.56
282,Johannes,Skelton,jskelton7t@odnoklassniki.ru,Male,58.149.83.13
283,Fitz,Sybbe,fsybbe7u@hexun.com,Male,211.2.153.183
284,Kelcy,Gorrissen,kgorrissen7v@ask.com,Female,52.64.159.212
285,Jacquenetta,Mearing,jmearing7w@hugedomains.com,Female,231.173.248.52
286,Bab,Giannazzo,bgiannazzo7x@qq.com,Female,220.165.183.245
287,Shannon,Robshaw,srobshaw7y@google.ca,Male,120.233.252.154
288,Tarrance,Smithen,tsmithen7z@ca.gov,Male,76.139.113.254
289,Billie,Meys,bmeys80@sciencedirect.com,Female,97.43.198.9
290,Ailbert,Tonbridge,atonbridge81@ucsd.edu,Male,113.41.46.3
291,Chalmers,Codrington,ccodrington82@blogger.com,Male,217.98.84.95
292,Sydney,Philippault,sphilippault83@un.org,Female,121.32.188.42
293,Dorisa,Flanders,dflanders84@example.com,Female,97.125.12.115
294,Ronni,Etock,retock85@google.ru,Female,14.12.195.39
295,Clareta,Birdwhistell,cbirdwhistell86@tripadvisor.com,Female,143.233.8.35
296,Marjie,Bachs,mbachs87@youtube.com,Female,129.140.209.210
297,Jeanette,Ormiston,jormiston88@cbsnews.com,Female,129.181.235.139
298,Riccardo,Norsworthy,rnorsworthy89@i2i.jp,Male,82.23.41.144
299,Jessie,Curnow,jcurnow8a@wordpress.org,Female,10.115.49.85
300,Rubi,Gartin,rgartin8b@europa.eu,Female,131.14.68.38
301,Prescott,Faithfull,pfaithfull8c@ehow.com,Male,127.200.181.129
302,Buck,Nash,bnash8d@seesaa.net,Male,226.111.4.35
303,Kingston,Grichukhin,kgrichukhin8e@mashable.com,Male,121.45.96.229
304,Maddalena,Lyokhin,mlyokhin8f@state.gov,Female,167.221.104.51
305,Ettie,Marshland,emarshland8g@cbc.ca,Female,1.44.76.46
306,Georgeta,Tizard,gtizard8h@issuu.com,Female,185.247.0.111
307,Bucky,Austin,baustin8i@cdbaby.com,Male,59.43.206.13
308,Elisha,Lanon,elanon8j@scientificamerican.com,Male,138.73.171.69
309,Chrisy,Lerner,clerner8k@time.com,Male,154.253.95.73
310,Nahum,Kantor,nkantor8l@cocolog-nifty.com,Male,141.201.86.192
311,Stephi,Pikesley,spikesley8m@eventbrite.com,Female,76.60.37.114
312,Blondy,Parkisson,bparkisson8n@umich.edu,Female,96.174.209.28
313,Giffard,Bearn,gbearn8o@networksolutions.com,Male,202.147.225.164
314,Jdavie,Sand,jsand8p@amazon.co.jp,Male,113.102.138.15
315,Reuven,Archell,rarchell8q@reddit.com,Male,165.68.77.57
316,Jaymee,Desporte,jdesporte8r@sbwire.com,Female,118.35.67.91
317,Erma,Gregolin,egregolin8s@quantcast.com,Female,117.80.189.184
318,Dolores,Croson,dcroson8t@sourceforge.net,Female,155.97.212.237
319,Avery,Tesauro,atesauro8u@newsvine.com,Male,176.58.16.160
320,Aubert,Skuse,askuse8v@techcrunch.com,Male,207.48.34.165
321,Shamus,McCullogh,smccullogh8w@patch.com,Male,152.1.85.30
322,Brandy,Bent,bbent8x@apple.com,Male,75.131.223.109
323,Egor,MacCrosson,emaccrosson8y@qq.com,Male,181.29.233.76
324,Garrick,Simoes,gsimoes8z@phpbb.com,Male,146.173.146.0
325,Jeromy,Crate,jcrate90@bloglovin.com,Male,183.43.3.191
326,Louis,Monaghan,lmonaghan91@nature.com,Male,19.43.221.241
327,Harper,Bardwall,hbardwall92@nsw.gov.au,Male,18.203.211.61
328,Meier,Reeks,mreeks93@github.io,Male,217.233.32.205
329,Ignazio,Leebetter,ileebetter94@vimeo.com,Male,22.186.244.132
330,Evvy,Janaszkiewicz,ejanaszkiewicz95@prweb.com,Female,150.75.19.89
331,Cariotta,Dorton,cdorton96@paypal.com,Female,158.142.71.41
332,Aimee,Moye,amoye97@opera.com,Female,76.81.5.177
333,Lucian,Winch,lwinch98@woothemes.com,Male,216.107.134.192
334,Bertrand,Merriday,bmerriday99@earthlink.net,Male,112.132.59.12
335,Wittie,Brodest,wbrodest9a@utexas.edu,Male,224.202.84.217
336,Jourdan,Tommasetti,jtommasetti9b@unesco.org,Female,163.139.28.87
337,Janifer,Quene,jquene9c@typepad.com,Female,151.196.252.178
338,Jacky,Skellion,jskellion9d@a8.net,Male,28.152.217.79
339,Frieda,Iacobo,fiacobo9e@amazonaws.com,Female,210.193.219.193
340,Jasen,Lambourne,jlambourne9f@lycos.com,Male,147.88.180.17
341,Levon,Cartmael,lcartmael9g@hhs.gov,Male,199.148.244.30
342,Morse,Cogin,mcogin9h@japanpost.jp,Male,162.202.22.142
343,Ronald,Meier,rmeier9i@nba.com,Male,29.180.251.125
344,Maurizia,Pembery,mpembery9j@wikimedia.org,Female,249.230.155.60
345,Levon,Dunnaway,ldunnaway9k@alexa.com,Male,170.43.172.135
346,Irvine,Colls,icolls9l@deviantart.com,Male,115.98.124.117
347,Raffaello,Sukbhans,rsukbhans9m@hugedomains.com,Male,218.23.188.99
348,Nappie,Brockhouse,nbrockhouse9n@washingtonpost.com,Male,210.110.255.246
349,Bay,Haspineall,bhaspineall9o@addtoany.com,Male,86.146.129.134
350,Brose,Love,blove9p@wisc.edu,Male,77.92.31.131
351,Eldridge,Danaher,edanaher9q@gravatar.com,Male,157.153.81.11
352,Daffi,Dudney,ddudney9r@hc360.com,Female,235.195.18.13
353,Towny,Heustace,theustace9s@icio.us,Male,203.104.104.116
354,Yasmeen,Stading,ystading9t@diigo.com,Female,129.122.118.8
355,Bond,Rudham,brudham9u@zimbio.com,Male,6.163.156.103
356,Carlos,Ashley,cashley9v@artisteer.com,Male,94.98.23.110
357,Ettie,Gingell,egingell9w@opensource.org,Female,213.82.205.93
358,Juana,Povele,jpovele9x@networksolutions.com,Female,172.126.21.122
359,Courtnay,Roycroft,croycroft9y@goo.ne.jp,Female,109.10.223.150
360,Alaster,Haxell,ahaxell9z@indiatimes.com,Male,180.80.236.129
361,Jayson,Pennycord,jpennycorda0@businesswire.com,Male,57.152.248.153
362,Haley,Langforth,hlangfortha1@comsenz.com,Female,180.111.225.98
363,Orelee,Milnes,omilnesa2@foxnews.com,Female,3.240.216.11
364,Kennedy,Maron,kmarona3@adobe.com,Male,207.72.40.23
365,Andris,Kincaid,akincaida4@phoca.cz,Male,54.186.50.74
366,Jess,Coton,jcotona5@ezinearticles.com,Female,58.150.51.64
367,Benyamin,Breakwell,bbreakwella6@umn.edu,Male,171.101.241.104
368,Umeko,Amner,uamnera7@boston.com,Female,65.249.31.104
369,Adolpho,Newland,anewlanda8@mozilla.org,Male,244.132.103.170
370,Vanda,Lurriman,vlurrimana9@mlb.com,Female,206.232.236.197
371,Tommy,Clouston,tcloustonaa@topsy.com,Female,210.204.223.165
372,Sayres,Sans,ssansab@123-reg.co.uk,Male,44.177.74.48
373,Jolene,Revie,jrevieac@telegraph.co.uk,Female,154.56.195.76
374,Marlo,Kilfedder,mkilfedderad@bbb.org,Female,247.163.229.5
375,Eldredge,Gioan,egioanae@cbslocal.com,Male,115.136.35.157
376,Evelin,Chawner,echawneraf@howstuffworks.com,Male,12.115.21.254
377,Oralle,Hundell,ohundellag@netlog.com,Female,189.15.73.149
378,Crystal,Gerardet,cgerardetah@slate.com,Female,207.76.201.145
379,Kilian,Strathdee,kstrathdeeai@infoseek.co.jp,Male,49.230.152.105
380,Emery,Fahy,efahyaj@sbwire.com,Male,18.57.69.48
381,Wadsworth,Traylen,wtraylenak@flickr.com,Male,221.1.6.85
382,Bren,Foucard,bfoucardal@tmall.com,Male,116.89.154.239
383,Herminia,Reimers,hreimersam@networkadvertising.org,Female,121.145.114.184
384,Lorrie,MacDuffie,lmacduffiean@goodreads.com,Female,212.21.144.92
385,Fonsie,D'Errico,fderricoao@networkadvertising.org,Male,159.32.223.61
386,Jo,Dumbrill,jdumbrillap@dell.com,Female,185.180.164.242
387,Bendick,Cratchley,bcratchleyaq@google.com.br,Male,252.227.110.121
388,Rossie,Blooman,rbloomanar@slashdot.org,Male,76.180.65.89
389,Patin,Anglim,panglimas@fastcompany.com,Male,217.246.63.103
390,Even,Berkowitz,eberkowitzat@tripadvisor.com,Male,10.72.248.159
391,Randy,Ibell,ribellau@baidu.com,Female,216.48.5.121
392,Tova,Coombe,tcoombeav@ft.com,Female,27.106.23.228
393,Mendie,Adamik,madamikaw@cpanel.net,Male,78.113.120.92
394,Ulrich,Gawith,ugawithax@telegraph.co.uk,Male,182.160.235.172
395,Salomone,Venner,svenneray@cbslocal.com,Male,85.80.86.63
396,Daphne,Norwood,dnorwoodaz@wikimedia.org,Female,216.200.182.52
397,Amalle,Caughte,acaughteb0@twitter.com,Female,176.125.185.236
398,Truman,Norgan,tnorganb1@arstechnica.com,Male,253.119.190.169
399,Baron,Maudett,bmaudettb2@vinaora.com,Male,44.174.148.29
400,Allison,Casado,acasadob3@cmu.edu,Female,247.113.111.188
401,Antonius,Scadding,ascaddingb4@china.com.cn,Male,49.10.45.172
402,Koo,Szanto,kszantob5@yolasite.com,Female,162.168.58.113
403,Eldon,Franssen,efranssenb6@i2i.jp,Male,138.42.129.117
404,Emelita,Bouttell,ebouttellb7@cdc.gov,Female,26.62.119.132
405,Hortense,Mapstone,hmapstoneb8@indiegogo.com,Female,82.75.198.135
406,Mela,Van der Veldt,mvanderveldtb9@php.net,Female,203.174.173.143
407,Dorey,Miebes,dmiebesba@infoseek.co.jp,Female,13.183.98.244
408,Rutledge,Hourston,rhourstonbb@huffingtonpost.com,Male,141.35.210.19
409,Letisha,Snewin,lsnewinbc@booking.com,Female,127.243.224.60
410,Christian,Cheyne,ccheynebd@sphinn.com,Female,212.11.180.22
411,Andra,Christofol,achristofolbe@mapy.cz,Female,4.56.148.111
412,Zena,Issacov,zissacovbf@google.pl,Female,224.158.251.201
413,Frannie,Rings,fringsbg@theatlantic.com,Female,177.91.12.169
414,Guss,Yokel,gyokelbh@google.cn,Male,126.156.120.192
415,Madelene,Nias,mniasbi@moonfruit.com,Female,207.101.203.85
416,Arlyn,Scoles,ascolesbj@parallels.com,Female,246.96.189.186
417,Ede,Jezzard,ejezzardbk@liveinternet.ru,Female,168.177.189.203
418,Derwin,Halgarth,dhalgarthbl@friendfeed.com,Male,178.169.177.28
419,Ranee,Abthorpe,rabthorpebm@nature.com,Female,8.76.72.158
420,Tallia,Attree,tattreebn@pagesperso-orange.fr,Female,137.210.110.133
421,Ulrika,Syde,usydebo@mapquest.com,Female,71.49.1.49
422,Welsh,Warlock,wwarlockbp@opensource.org,Male,245.59.177.194
423,Laird,Alyukin,lalyukinbq@tamu.edu,Male,116.14.5.189
424,Cullen,Ludee,cludeebr@mayoclinic.com,Male,160.107.17.86
425,Elset,Eveque,eevequebs@mashable.com,Female,98.182.80.44
426,Ellerey,Grissett,egrissettbt@si.edu,Male,147.36.202.124
427,Ruddie,Tapin,rtapinbu@freewebs.com,Male,220.108.172.43
428,Banky,Sanzio,bsanziobv@nydailynews.com,Male,78.54.142.36
429,Bernita,Sondland,bsondlandbw@163.com,Female,166.232.4.233
430,Yasmin,Popham,ypophambx@marriott.com,Female,158.104.194.128
431,Christos,Killeley,ckilleleyby@creativecommons.org,Male,31.216.228.26
432,Yolanthe,Harden,yhardenbz@biglobe.ne.jp,Female,232.7.156.134
433,Teddie,Donhardt,tdonhardtc0@irs.gov,Female,112.118.42.255
434,Margy,Archley,marchleyc1@ebay.co.uk,Female,86.95.128.103
435,Chauncey,Simonsson,csimonssonc2@t-online.de,Male,238.163.24.132
436,Masha,Flipsen,mflipsenc3@pcworld.com,Female,69.243.9.15
437,Charlton,Goulborn,cgoulbornc4@naver.com,Male,253.30.199.128
438,Daryl,Burdess,dburdessc5@geocities.jp,Male,167.45.254.29
439,Bobbe,Tow,btowc6@dmoz.org,Female,45.108.32.21
440,Bronson,Shefton,bsheftonc7@google.ru,Male,99.95.109.36
441,Sharon,McGarrell,smcgarrellc8@liveinternet.ru,Female,213.209.15.50
442,Tobit,Playdon,tplaydonc9@unesco.org,Male,43.202.115.205
443,Emlynne,Souch,esouchca@twitpic.com,Female,214.73.88.49
444,Cirillo,Trebilcock,ctrebilcockcb@slashdot.org,Male,200.95.133.224
445,Batholomew,Linay,blinaycc@last.fm,Male,54.21.11.113
446,Zak,Kanter,zkantercd@networkadvertising.org,Male,169.84.7.126
447,Mignon,McGaraghan,mmcgaraghance@multiply.com,Female,56.134.85.41
448,Nial,McGilroy,nmcgilroycf@bing.com,Male,144.53.79.247
449,Clerkclaude,Gaskin,cgaskincg@nature.com,Male,236.220.87.60
450,Rhody,Dongall,rdongallch@wsj.com,Female,32.216.136.146
451,Bucky,Brinded,bbrindedci@arstechnica.com,Male,109.208.99.23
452,Darbie,Berkeley,dberkeleycj@zdnet.com,Female,242.200.76.230
453,Budd,Fanner,bfannerck@cbslocal.com,Male,245.26.210.144
454,Ainsley,Lye,alyecl@wiley.com,Female,229.109.32.71
455,Lil,Fairlem,lfairlemcm@tripod.com,Female,110.139.90.41
456,Jaquelin,Finby,jfinbycn@vinaora.com,Female,105.254.8.209
457,Alric,Guirard,aguirardco@addtoany.com,Male,113.43.134.55
458,Harv,Greenstead,hgreensteadcp@freewebs.com,Male,102.89.228.248
459,Allistir,McMenemy,amcmenemycq@ed.gov,Male,193.39.176.157
460,Kellie,Fifield,kfifieldcr@microsoft.com,Female,184.70.11.103
461,Drud,Sames,dsamescs@behance.net,Male,182.40.80.79
462,Chloette,Lages,clagesct@scientificamerican.com,Female,194.187.2.207
463,Abagail,Kellegher,akelleghercu@reference.com,Female,39.136.156.183
464,Rickey,Cammacke,rcammackecv@va.gov,Male,116.26.103.227
465,Kit,Phoebe,kphoebecw@japanpost.jp,Male,140.4.204.243
466,Karlee,Grew,kgrewcx@seesaa.net,Female,254.168.238.143
467,Luisa,Rattry,lrattrycy@intel.com,Female,48.229.238.89
468,Zora,Haggus,zhagguscz@ameblo.jp,Female,82.180.215.195
469,Verena,Bedding,vbeddingd0@ameblo.jp,Female,34.93.133.168
470,Dara,Bridgeland,dbridgelandd1@wordpress.com,Female,227.229.9.77
471,Pren,Devonish,pdevonishd2@accuweather.com,Male,230.138.167.27
472,Winslow,Hallad,whalladd3@nationalgeographic.com,Male,77.99.112.22
473,Danica,Layton,dlaytond4@nhs.uk,Female,41.7.206.243
474,Kimberli,Patrickson,kpatricksond5@berkeley.edu,Female,5.45.140.165
475,Craig,Le Fleming,cleflemingd6@unicef.org,Male,98.89.143.6
476,Umeko,Bartley,ubartleyd7@mtv.com,Female,29.39.86.18
477,Mac,Ghidelli,mghidellid8@columbia.edu,Male,185.209.184.237
478,Garrot,Ingliby,ginglibyd9@reuters.com,Male,152.108.49.72
479,Heriberto,Blakes,hblakesda@princeton.edu,Male,28.34.162.55
480,Kaspar,O'Towey,kotoweydb@google.co.jp,Male,53.94.239.253
481,Maureene,Le Jean,mlejeandc@sciencedaily.com,Female,105.64.146.172
482,Maximilien,McIlmorie,mmcilmoriedd@hp.com,Male,93.142.67.40
483,Phebe,Stittle,pstittlede@oaic.gov.au,Female,115.212.120.203
484,Duncan,Beneze,dbenezedf@foxnews.com,Male,173.105.72.147
485,Byrann,Mogg,bmoggdg@webnode.com,Male,220.255.170.19
486,Fair,Doleman,fdolemandh@ucoz.ru,Male,132.180.46.197
487,Alanna,Giaomozzo,agiaomozzodi@woothemes.com,Female,78.136.83.40
488,Carver,De Gregorio,cdegregoriodj@weebly.com,Male,249.92.86.58
489,Karl,Ingreda,kingredadk@amazon.co.jp,Male,190.126.135.117
490,Giustino,Scorton,gscortondl@sina.com.cn,Male,166.225.116.104
491,Kirstin,Khomich,kkhomichdm@unblog.fr,Female,91.98.185.211
492,Rickard,Statter,rstatterdn@thetimes.co.uk,Male,74.54.183.48
493,Lorne,Eccleshall,leccleshalldo@foxnews.com,Male,85.105.113.60
494,Theodore,Harm,tharmdp@ask.com,Male,173.233.72.0
495,Anitra,Struss,astrussdq@jalbum.net,Female,167.132.204.180
496,Jeffie,Betteson,jbettesondr@cornell.edu,Male,87.217.220.208
497,Vinny,Hedingham,vhedinghamds@guardian.co.uk,Male,180.176.180.235
498,Hal,Fazzioli,hfazziolidt@theglobeandmail.com,Male,9.145.166.5
499,Britt,Verrall,bverralldu@bravesites.com,Male,245.9.55.252
500,Jillane,Jackalin,jjackalindv@alibaba.com,Female,104.113.6.251
501,Dasie,Shevlane,dshevlanedw@devhub.com,Female,144.195.17.239
502,Ingaborg,Eskrigg,ieskriggdx@bigcartel.com,Female,251.116.39.6
503,Field,Winsor,fwinsordy@nyu.edu,Male,185.242.124.225
504,Kyrstin,Meecher,kmeecherdz@cnbc.com,Female,212.106.149.125
505,Rubia,Graveston,rgravestone0@dyndns.org,Female,188.230.46.213
506,Westbrook,Cassley,wcassleye1@nymag.com,Male,217.113.119.164
507,Sebastian,Crocker,scrockere2@seattletimes.com,Male,181.60.110.49
508,Gertie,Gilliland,ggillilande3@wunderground.com,Female,57.40.58.131
509,Pieter,Damsell,pdamselle4@slate.com,Male,202.41.19.202
510,Bertie,Upson,bupsone5@merriam-webster.com,Male,167.62.165.157
511,Arley,Loughhead,aloughheade6@cbsnews.com,Male,122.51.193.84
512,Ber,Demer,bdemere7@example.com,Male,213.68.199.247
513,Redford,Batten,rbattene8@macromedia.com,Male,129.84.110.119
514,Elle,Mardee,emardeee9@biblegateway.com,Female,29.3.46.163
515,Ella,Haswell,ehaswellea@wufoo.com,Female,186.141.144.105
516,Shaw,Caseborne,scaseborneeb@pbs.org,Male,15.52.145.89
517,Petronia,Dewhurst,pdewhurstec@netscape.com,Female,73.141.56.189
518,Tades,Vivash,tvivashed@guardian.co.uk,Male,84.44.211.209
519,Laraine,Dorow,ldorowee@adobe.com,Female,141.177.100.221
520,Evelyn,Busse,ebusseef@wisc.edu,Male,89.174.139.240
521,Richmond,Frere,rfrereeg@indiatimes.com,Male,41.252.119.99
522,Karlens,Shalcros,kshalcroseh@cdbaby.com,Male,176.87.68.235
523,Winonah,Kaiser,wkaiserei@dyndns.org,Female,132.97.200.86
524,Romonda,McGibbon,rmcgibbonej@blinklist.com,Female,0.212.60.185
525,Carmine,Earnshaw,cearnshawek@msn.com,Female,159.90.217.202
526,Goldie,Dibben,gdibbenel@princeton.edu,Female,241.129.130.126
527,Antonetta,Craufurd,acraufurdem@auda.org.au,Female,82.9.1.200
528,Dulsea,Wakelin,dwakelinen@yahoo.co.jp,Female,124.86.169.245
529,Barnard,Fussie,bfussieeo@usatoday.com,Male,24.254.245.199
530,Bridgette,Sizland,bsizlandep@nydailynews.com,Female,106.60.224.134
531,Ally,Perring,aperringeq@chicagotribune.com,Female,236.146.198.237
532,Abigael,Caron,acaroner@flavors.me,Female,63.248.234.4
533,Flory,Potes,fpoteses@netlog.com,Female,118.161.59.89
534,Maggi,Hatt,mhattet@geocities.com,Female,95.12.80.207
535,Ambrose,Boerderman,aboerdermaneu@house.gov,Male,168.161.86.170
536,Kittie,Farmloe,kfarmloeev@telegraph.co.uk,Female,197.152.243.178
537,Stewart,Normavill,snormavillew@1688.com,Male,67.123.215.129
538,Ardys,Poulglais,apoulglaisex@nifty.com,Female,89.239.108.145
539,Reinwald,Macrae,rmacraeey@wikia.com,Male,36.249.10.254
540,Joyous,Spyvye,jspyvyeez@surveymonkey.com,Female,190.190.188.40
541,Lambert,McMorland,lmcmorlandf0@sakura.ne.jp,Male,68.1.48.152
542,Christye,Di Pietro,cdipietrof1@about.me,Female,167.57.146.101
543,Vasili,Lough,vloughf2@prlog.org,Male,155.93.10.186
544,Letta,Epelett,lepelettf3@icio.us,Female,29.146.138.46
545,Sonny,Mattack,smattackf4@simplemachines.org,Male,255.244.34.136
546,Andie,Falloon,afalloonf5@opera.com,Female,208.31.181.191
547,Whitby,Campbell,wcampbellf6@umich.edu,Male,216.24.253.158
548,Marney,Aidler,maidlerf7@yellowbook.com,Female,155.28.242.247
549,Marcelle,Tingley,mtingleyf8@paginegialle.it,Female,112.62.71.248
550,Monte,Autry,mautryf9@oracle.com,Male,191.193.163.70
551,Xenos,Franciottoi,xfranciottoifa@google.pl,Male,139.217.39.196
552,Katharina,Senussi,ksenussifb@yandex.ru,Female,167.20.71.116
553,Aliza,Halleday,ahalledayfc@blogger.com,Female,39.19.21.221
554,Kalil,Lightwood,klightwoodfd@1688.com,Male,197.248.220.198
555,Evan,Fleckno,eflecknofe@craigslist.org,Male,193.45.66.150
556,Frayda,Eskrigg,feskriggff@pcworld.com,Female,88.226.151.250
557,Roseanna,Jeal,rjealfg@census.gov,Female,252.69.23.245
558,Gillian,Speddin,gspeddinfh@shareasale.com,Female,32.110.206.65
559,Roseline,Cunnington,rcunningtonfi@artisteer.com,Female,140.39.164.69
560,Cornelle,Gewer,cgewerfj@sbwire.com,Female,70.31.68.255
561,Aurie,Moisey,amoiseyfk@blogs.com,Female,5.135.16.76
562,Karia,Coltherd,kcoltherdfl@google.com.hk,Female,219.150.8.2
563,Tomaso,Bendelow,tbendelowfm@cdc.gov,Male,134.220.104.54
564,Elfrida,Dominichetti,edominichettifn@dailymail.co.uk,Female,236.33.254.167
565,Ulrich,Kemetz,ukemetzfo@istockphoto.com,Male,64.79.51.239
566,Jeddy,Germon,jgermonfp@squarespace.com,Male,236.34.125.232
567,Jedidiah,Trotman,jtrotmanfq@cbsnews.com,Male,80.1.92.51
568,Nettle,Lawranson,nlawransonfr@twitpic.com,Female,121.26.113.71
569,Dov,Heinreich,dheinreichfs@amazon.co.uk,Male,136.79.163.71
570,Lynn,Byforth,lbyforthft@fc2.com,Male,105.78.7.137
571,Osmund,Bellany,obellanyfu@mayoclinic.com,Male,229.213.233.141
572,Camala,Brislawn,cbrislawnfv@irs.gov,Female,7.164.185.18
573,Gisele,Plowes,gplowesfw@tamu.edu,Female,152.201.95.220
574,Kordula,Petrie,kpetriefx@google.co.jp,Female,226.130.79.130
575,Bartolemo,Sloyan,bsloyanfy@economist.com,Male,35.222.77.106
576,Anthe,Try,atryfz@ow.ly,Female,167.201.53.194
577,Zaria,De Gregario,zdegregariog0@answers.com,Female,249.196.126.32
578,Bronson,Toyer,btoyerg1@sogou.com,Male,36.42.79.209
579,Patricio,Sibbs,psibbsg2@google.ca,Male,185.101.53.88
580,Nessa,Keunemann,nkeunemanng3@vimeo.com,Female,216.235.32.24
581,Goraud,Dinning,gdinningg4@blinklist.com,Male,6.22.83.236
582,Marijo,Pittson,mpittsong5@ca.gov,Female,193.201.196.174
583,Drucill,Braunlein,dbraunleing6@trellian.com,Female,99.32.172.149
584,Erick,Aslin,easling7@example.com,Male,247.66.230.50
585,Langsdon,Oakey,loakeyg8@netvibes.com,Male,153.24.201.230
586,Chelsae,Plaid,cplaidg9@howstuffworks.com,Female,236.41.142.146
587,Veronica,Thorrold,vthorroldga@youku.com,Female,142.219.121.216
588,Findlay,Bartalot,fbartalotgb@hostgator.com,Male,27.154.32.37
589,Korrie,Sand,ksandgc@chron.com,Female,98.77.138.200
590,Holmes,Myner,hmynergd@cbsnews.com,Male,189.113.154.94
591,Chloette,Yurivtsev,cyurivtsevge@exblog.jp,Female,195.180.209.154
592,Briano,Seys,bseysgf@eventbrite.com,Male,202.60.2.230
593,Helaine,Rowdell,hrowdellgg@arizona.edu,Female,124.69.18.56
594,Lenard,Pochet,lpochetgh@mtv.com,Male,110.168.68.87
595,Randal,Howlings,rhowlingsgi@businesswire.com,Male,27.25.72.11
596,Jeannette,Niece,jniecegj@prlog.org,Female,10.190.37.33
597,Rosalie,Klisch,rklischgk@biglobe.ne.jp,Female,106.174.92.225
598,Kerwin,Blackston,kblackstongl@scribd.com,Male,108.7.11.110
599,Maggi,Blowing,mblowinggm@woothemes.com,Female,171.216.165.206
600,Steffi,Munkley,smunkleygn@loc.gov,Female,66.71.186.117
601,Electra,Lilion,eliliongo@japanpost.jp,Female,255.159.228.198
602,Bartie,Dillingston,bdillingstongp@usa.gov,Male,93.225.179.191
603,Sinclair,Martinat,smartinatgq@technorati.com,Male,152.8.116.150
604,Marie,Kornes,mkornesgr@google.es,Female,35.150.205.38
605,Shell,Leaton,sleatongs@blogspot.com,Female,124.243.53.245
606,Sophie,Brotherhead,sbrotherheadgt@ihg.com,Female,253.176.210.198
607,Kaylyn,Murcott,kmurcottgu@sohu.com,Female,71.185.94.195
608,Edmund,Humblestone,ehumblestonegv@github.io,Male,34.67.163.174
609,Jocelyne,MacMychem,jmacmychemgw@bizjournals.com,Female,238.141.182.140
610,Romonda,Moubray,rmoubraygx@hhs.gov,Female,214.18.11.12
611,Donica,De Witt,ddewittgy@virginia.edu,Female,143.54.97.140
612,Meggie,Ebbins,mebbinsgz@slate.com,Female,103.150.55.78
613,Hyacinthia,Concannon,hconcannonh0@huffingtonpost.com,Female,196.102.237.196
614,Theodora,Seamer,tseamerh1@networkadvertising.org,Female,207.170.224.135
615,Harry,Ebbetts,hebbettsh2@accuweather.com,Male,53.94.205.74
616,Fulvia,Doxsey,fdoxseyh3@nih.gov,Female,193.210.191.156
617,Reba,Klimentyev,rklimentyevh4@state.gov,Female,194.84.30.15
618,Katuscha,Klimkin,kklimkinh5@un.org,Female,200.220.23.235
619,Caritta,Maffin,cmaffinh6@uol.com.br,Female,128.133.195.252
620,Garth,Meys,gmeysh7@goo.ne.jp,Male,30.19.62.55
621,Brice,Thrush,bthrushh8@msu.edu,Male,65.234.91.107
622,Heindrick,Brearty,hbreartyh9@mit.edu,Male,116.218.97.231
623,Artemus,Aldritt,aaldrittha@xing.com,Male,240.245.81.50
624,Peyton,Cornelleau,pcornelleauhb@elegantthemes.com,Male,135.167.240.100
625,Michele,Whimper,mwhimperhc@baidu.com,Male,198.149.180.23
626,Hans,Praten,hpratenhd@joomla.org,Male,196.234.177.30
627,Gillian,Stoller,gstollerhe@accuweather.com,Female,251.64.224.194
628,Avrit,Holborn,aholbornhf@jugem.jp,Female,213.16.240.57
629,Dorolisa,Antognoni,dantognonihg@forbes.com,Female,122.55.106.138
630,Gareth,Havvock,ghavvockhh@dedecms.com,Male,74.12.32.22
631,Sutherlan,Hunton,shuntonhi@shareasale.com,Male,26.245.40.170
632,Saree,Malthus,smalthushj@1und1.de,Female,155.235.196.179
633,Brocky,Alwen,balwenhk@hexun.com,Male,235.93.124.14
634,Mabel,Dunstone,mdunstonehl@utexas.edu,Female,112.77.152.42
635,Serge,Peres,spereshm@hostgator.com,Male,211.244.214.136
636,Nadiya,Pilch,npilchhn@ucla.edu,Female,34.118.20.246
637,Ileana,Wernham,iwernhamho@gravatar.com,Female,4.47.175.169
638,Shaylyn,Sedgemond,ssedgemondhp@51.la,Female,124.75.63.108
639,Annis,Asty,aastyhq@dot.gov,Female,142.36.224.229
640,Ingeberg,Mottershead,imottersheadhr@seesaa.net,Female,222.105.12.233
641,Esra,Allcorn,eallcornhs@ezinearticles.com,Male,212.227.79.172
642,Beulah,Ardling,bardlinght@g.co,Female,240.121.148.73
643,Redd,Pennock,rpennockhu@nifty.com,Male,152.83.116.61
644,Ranna,Curtiss,rcurtisshv@1688.com,Female,119.200.89.18
645,Demott,McGeachie,dmcgeachiehw@feedburner.com,Male,83.48.188.185
646,Theobald,Hilldrup,thilldruphx@mozilla.com,Male,196.120.153.170
647,Enrica,Murrish,emurrishhy@netscape.com,Female,162.107.169.38
648,Rene,Acomb,racombhz@histats.com,Female,73.42.100.84
649,Ferguson,Mayhew,fmayhewi0@vinaora.com,Male,180.158.0.203
650,Kitti,Edmott,kedmotti1@ucoz.com,Female,157.201.206.215
651,Dita,Lynas,dlynasi2@parallels.com,Female,7.50.39.55
652,Devland,Baber,dbaberi3@yale.edu,Male,220.110.198.14
653,Kalindi,Poletto,kpolettoi4@deviantart.com,Female,190.36.177.67
654,Godfry,Drydale,gdrydalei5@businessinsider.com,Male,165.71.83.143
655,Hart,Antonazzi,hantonazzii6@google.com.br,Male,200.103.52.59
656,Raina,Smowton,rsmowtoni7@ed.gov,Female,28.154.245.51
657,Dee dee,Collough,dcolloughi8@google.fr,Female,107.173.48.113
658,Melosa,Linny,mlinnyi9@sciencedirect.com,Female,177.167.148.2
659,Ruby,Enderson,rendersonia@jimdo.com,Male,40.14.96.133
660,Clemente,Bole,cboleib@elpais.com,Male,223.21.245.194
661,Natal,Brunini,nbruniniic@google.de,Male,244.149.85.240
662,Yale,Yeardsley,yyeardsleyid@noaa.gov,Male,143.235.227.152
663,Johnathon,Bouzan,jbouzanie@plala.or.jp,Male,2.35.75.211
664,Sharl,Ghiotto,sghiottoif@omniture.com,Female,79.190.252.218
665,Tome,Ivanitsa,tivanitsaig@domainmarket.com,Male,103.63.7.27
666,Oliy,Jeenes,ojeenesih@smh.com.au,Female,61.209.51.109
667,Rina,Nore,rnoreii@usgs.gov,Female,166.245.108.10
668,Yves,Kerman,ykermanij@home.pl,Male,190.63.221.250
669,Caitrin,Partrick,cpartrickik@army.mil,Female,196.144.50.237
670,Pandora,Isenor,pisenoril@salon.com,Female,130.48.58.4
671,Humphrey,Willavize,hwillavizeim@washingtonpost.com,Male,196.171.179.97
672,Rudyard,Snarr,rsnarrin@liveinternet.ru,Male,174.145.10.234
673,Aharon,Churchman,achurchmanio@nsw.gov.au,Male,180.207.49.125
674,Delainey,Najera,dnajeraip@hubpages.com,Male,110.45.38.216
675,Merill,Dionisi,mdionisiiq@lycos.com,Male,47.26.235.118
676,Thibaut,Brumen,tbrumenir@europa.eu,Male,63.236.209.83
677,Gav,Crix,gcrixis@disqus.com,Male,51.203.207.36
678,Mahmud,Harwell,mharwellit@mysql.com,Male,223.180.136.70
679,Felicio,Sabbins,fsabbinsiu@netlog.com,Male,68.148.108.183
680,Dicky,Sneaker,dsneakeriv@com.com,Male,203.118.18.114
681,Jorie,Snowling,jsnowlingiw@pen.io,Female,207.51.61.147
682,Dorotea,Darte,ddarteix@google.com.au,Female,96.94.157.62
683,Bell,Farfolomeev,bfarfolomeeviy@mapy.cz,Female,212.229.13.243
684,Salvidor,Wennam,swennamiz@omniture.com,Male,68.135.31.210
685,Melicent,Murkitt,mmurkittj0@mapy.cz,Female,142.35.0.90
686,Nita,Gration,ngrationj1@google.de,Female,3.98.99.170
687,Spense,Doding,sdodingj2@parallels.com,Male,149.167.185.137
688,Aurea,Cox,acoxj3@gmpg.org,Female,135.189.29.107
689,Noni,Crowley,ncrowleyj4@gnu.org,Female,155.228.3.170
690,Currey,Worsfield,cworsfieldj5@xinhuanet.com,Male,140.55.176.3
691,Corly,Lugg,cluggj6@tamu.edu,Female,154.234.35.229
692,Jocelin,Shobrook,jshobrookj7@ow.ly,Female,227.119.198.29
693,Zebadiah,Everington,zeveringtonj8@utexas.edu,Male,210.93.8.179
694,Angelia,Padkin,apadkinj9@reddit.com,Female,114.33.232.66
695,Pooh,Chadbourne,pchadbourneja@php.net,Female,212.181.50.197
696,Hamid,Duns,hdunsjb@drupal.org,Male,128.182.97.52
697,Shelly,Nickoll,snickolljc@typepad.com,Female,9.165.253.224
698,Hercules,Sinden,hsindenjd@ask.com,Male,159.103.4.187
699,Sidonnie,Dunnion,sdunnionje@ucla.edu,Female,145.131.255.143
700,Ethelin,Kanzler,ekanzlerjf@walmart.com,Female,134.239.77.153
701,Dani,Verrechia,dverrechiajg@newyorker.com,Female,104.178.229.61
702,Yetta,Morkham,ymorkhamjh@flickr.com,Female,48.128.28.177
703,Florenza,Broome,fbroomeji@eepurl.com,Female,133.255.132.157
704,Lucilia,Le - Count,llecountjj@ox.ac.uk,Female,61.4.114.164
705,Philip,Caile,pcailejk@stumbleupon.com,Male,206.108.94.244
706,Sidney,Springer,sspringerjl@theatlantic.com,Male,143.11.114.214
707,Dollie,Kordes,dkordesjm@tripadvisor.com,Female,102.156.20.159
708,Kirby,Farress,kfarressjn@youku.com,Male,41.84.155.108
709,Devonna,McGenn,dmcgennjo@arizona.edu,Female,108.153.81.30
710,Kenyon,Curthoys,kcurthoysjp@slate.com,Male,48.128.53.223
711,Jefferey,Goozee,jgoozeejq@indiatimes.com,Male,33.185.219.130
712,Sofie,Streeten,sstreetenjr@mit.edu,Female,98.210.50.216
713,Barney,de Mullett,bdemullettjs@weather.com,Male,34.149.35.112
714,Etty,Paradise,eparadisejt@paypal.com,Female,120.54.239.27
715,Damian,Else,delseju@imageshack.us,Male,191.248.25.142
716,Sonja,Facher,sfacherjv@ustream.tv,Female,108.99.248.153
717,Any,Standage,astandagejw@about.me,Male,19.23.143.41
718,Shaylynn,Pickvance,spickvancejx@google.de,Female,31.92.69.235
719,Paolina,Klaas,pklaasjy@example.com,Female,225.61.44.94
720,Margret,Wesgate,mwesgatejz@paginegialle.it,Female,239.62.43.248
721,Cathrin,Darell,cdarellk0@freewebs.com,Female,15.48.62.254
722,Mitch,Chippindale,mchippindalek1@theatlantic.com,Male,75.139.59.249
723,Augusta,Fendlow,afendlowk2@biblegateway.com,Female,226.14.254.30
724,Roz,Glynn,rglynnk3@multiply.com,Female,71.21.75.22
725,Robinetta,Garrold,rgarroldk4@ft.com,Female,118.134.97.221
726,Ludwig,Gannicott,lgannicottk5@bluehost.com,Male,38.108.194.215
727,Elsie,Calvert,ecalvertk6@clickbank.net,Female,159.185.152.33
728,Jordan,Mayston,jmaystonk7@comsenz.com,Female,240.32.48.249
729,Lonee,Maidlow,lmaidlowk8@csmonitor.com,Female,19.145.172.165
730,Odelle,Clues,ocluesk9@theguardian.com,Female,2.255.175.117
731,Scottie,Bergstrand,sbergstrandka@gravatar.com,Male,165.121.213.78
732,Sherlocke,Grunwald,sgrunwaldkb@goodreads.com,Male,132.183.88.222
733,Lanna,Benedyktowicz,lbenedyktowiczkc@elegantthemes.com,Female,137.178.114.184
734,Bar,Gillbanks,bgillbankskd@zdnet.com,Male,0.236.10.213
735,Kirstin,Yurlov,kyurlovke@surveymonkey.com,Female,182.10.180.12
736,Merilyn,McGourty,mmcgourtykf@photobucket.com,Female,65.20.254.53
737,Briano,Wylder,bwylderkg@irs.gov,Male,224.149.193.145
738,Celeste,Minard,cminardkh@storify.com,Female,11.175.227.200
739,Foss,Farloe,ffarloeki@howstuffworks.com,Male,165.117.129.201
740,Ladonna,Harlett,lharlettkj@state.gov,Female,108.48.108.149
741,Alexine,Powney,apowneykk@newsvine.com,Female,154.117.184.125
742,Carling,Offer,cofferkl@goodreads.com,Male,28.231.10.166
743,Noel,Skerrett,nskerrettkm@yahoo.co.jp,Male,59.205.255.193
744,Dicky,Borrott,dborrottkn@cpanel.net,Male,104.155.167.216
745,Daisey,McLeoid,dmcleoidko@google.com.br,Female,65.141.70.92
746,Jehanna,Virgin,jvirginkp@github.io,Female,241.175.215.200
747,Teodora,Ace,tacekq@sciencedaily.com,Female,185.94.208.146
748,Lydon,Duer,lduerkr@sciencedaily.com,Male,41.126.188.129
749,Hazel,Robbie,hrobbieks@homestead.com,Male,213.19.110.207
750,Thurstan,Forseith,tforseithkt@wiley.com,Male,150.79.217.141
751,Adelaida,Karleman,akarlemanku@google.de,Female,158.203.206.51
752,Kelley,Slator,kslatorkv@artisteer.com,Female,145.194.64.55
753,Avrom,Pyner,apynerkw@comsenz.com,Male,50.184.120.230
754,Aubrie,Sapson,asapsonkx@sourceforge.net,Female,69.235.183.121
755,Ursula,Coppeard,ucoppeardky@nih.gov,Female,28.173.138.74
756,Reinhard,Race,rracekz@mit.edu,Male,230.15.219.27
757,Deanna,Croot,dcrootl0@soup.io,Female,199.25.242.85
758,Crissie,Pirie,cpiriel1@diigo.com,Female,138.36.209.252
759,Dyann,Pail,dpaill2@bigcartel.com,Female,22.92.2.179
760,Becki,Bambridge,bbambridgel3@alibaba.com,Female,191.147.21.159
761,Jojo,Laurenzi,jlaurenzil4@utexas.edu,Female,144.112.72.181
762,Amandie,Tourner,atournerl5@histats.com,Female,194.223.85.153
763,Daryl,Willmer,dwillmerl6@cbslocal.com,Male,245.159.163.124
764,Zachary,Ivetts,zivettsl7@slashdot.org,Male,214.207.117.189
765,Dael,Landes,dlandesl8@sbwire.com,Male,58.34.125.22
766,Jean,Riley,jrileyl9@hugedomains.com,Male,104.220.216.121
767,Pinchas,Cory,pcoryla@exblog.jp,Male,56.236.224.84
768,Shellie,Cullinane,scullinanelb@woothemes.com,Female,198.26.186.235
769,Ricardo,Behrens,rbehrenslc@weather.com,Male,1.199.216.18
770,Nanice,Grece,ngreceld@shop-pro.jp,Female,207.113.218.240
771,Ginnie,Talby,gtalbyle@stanford.edu,Female,13.241.150.227
772,Aubrette,Leask,aleasklf@storify.com,Female,57.81.136.236
773,Glen,Thrussell,gthrusselllg@nytimes.com,Female,8.28.87.4
774,Bond,Seagood,bseagoodlh@blogs.com,Male,109.249.196.122
775,Nerta,Fieldhouse,nfieldhouseli@blogtalkradio.com,Female,224.227.121.29
776,Jolee,Cream,jcreamlj@sbwire.com,Female,73.238.119.140
777,Lenora,Doncaster,ldoncasterlk@wsj.com,Female,0.50.243.26
778,Anitra,Laxston,alaxstonll@amazon.com,Female,69.56.251.76
779,Gregory,Rishworth,grishworthlm@blogspot.com,Male,178.69.227.245
780,Georg,Maso,gmasoln@pcworld.com,Male,72.237.95.168
781,Pasquale,Maplethorp,pmaplethorplo@cdc.gov,Male,192.50.53.249
782,Dominga,Parkes,dparkeslp@google.es,Female,235.234.245.31
783,Christel,Ferber,cferberlq@photobucket.com,Female,145.145.23.200
784,Ellen,Kelly,ekellylr@51.la,Female,131.60.209.237
785,Alard,Janssen,ajanssenls@sina.com.cn,Male,88.155.180.95
786,Arly,MacKean,amackeanlt@tmall.com,Female,195.46.222.79
787,Jorrie,Coy,jcoylu@vk.com,Female,61.104.191.55
788,Guglielmo,Cleynman,gcleynmanlv@epa.gov,Male,237.10.248.248
789,Maura,Oselton,moseltonlw@china.com.cn,Female,3.40.221.212
790,Felix,Shannahan,fshannahanlx@sphinn.com,Male,40.87.31.34
791,Mitchael,Sigward,msigwardly@g.co,Male,113.69.220.16
792,Danna,Pepperell,dpepperelllz@cdbaby.com,Female,236.112.174.209
793,Ahmed,Beirne,abeirnem0@baidu.com,Male,152.83.193.109
794,Adiana,Pegden,apegdenm1@cbsnews.com,Female,62.237.238.228
795,Berne,Battams,bbattamsm2@sitemeter.com,Male,231.92.222.235
796,Shandie,Fewkes,sfewkesm3@vimeo.com,Female,9.158.125.91
797,Oliviero,Stampe,ostampem4@gizmodo.com,Male,124.248.58.35
798,Waneta,Wyld,wwyldm5@printfriendly.com,Female,145.171.250.163
799,Lane,Spaight,lspaightm6@cocolog-nifty.com,Male,114.101.92.119
800,Richy,Couper,rcouperm7@bandcamp.com,Male,51.99.37.173
801,Shena,Nickoll,snickollm8@sciencedirect.com,Female,187.101.238.215
802,Noby,MacLure,nmaclurem9@walmart.com,Male,193.141.18.251
803,Doy,Igounet,digounetma@china.com.cn,Male,229.164.220.146
804,Colet,Brigden,cbrigdenmb@cdbaby.com,Male,246.158.217.67
805,Marcellus,Weatherby,mweatherbymc@newsvine.com,Male,54.97.233.126
806,Krystal,Szymoni,kszymonimd@behance.net,Female,196.185.67.55
807,Willard,Derl,wderlme@cornell.edu,Male,9.0.23.170
808,Corbie,Billie,cbilliemf@telegraph.co.uk,Male,108.251.91.91
809,Anabel,Pactat,apactatmg@technorati.com,Female,133.10.167.102
810,Herta,Siege,hsiegemh@newsvine.com,Female,159.224.164.211
811,Ardeen,Falkous,afalkousmi@wisc.edu,Female,198.74.166.193
812,Drucill,Matei,dmateimj@wordpress.com,Female,76.202.152.201
813,Edee,Saberton,esabertonmk@360.cn,Female,31.227.63.220
814,Deni,Wragge,dwraggeml@w3.org,Female,174.68.205.166
815,Wilbert,Jozef,wjozefmm@netscape.com,Male,110.141.87.206
816,Odo,Stapells,ostapellsmn@sitemeter.com,Male,22.226.133.84
817,Verne,Izakov,vizakovmo@webnode.com,Male,167.144.72.68
818,Janos,Fairhead,jfairheadmp@independent.co.uk,Male,20.63.152.123
819,Gualterio,Filan,gfilanmq@google.nl,Male,155.58.17.133
820,Timothee,Samme,tsammemr@booking.com,Male,35.241.202.226
821,Karlen,Wallbrook,kwallbrookms@hhs.gov,Female,222.252.139.156
822,Deerdre,St. Pierre,dstpierremt@harvard.edu,Female,139.151.228.175
823,Louisa,Hoodless,lhoodlessmu@purevolume.com,Female,232.243.25.158
824,Ad,Russel,arusselmv@icio.us,Male,73.20.241.77
825,Hermann,Pavlovsky,hpavlovskymw@ted.com,Male,109.143.41.69
826,Granville,Trappe,gtrappemx@bloomberg.com,Male,33.77.141.9
827,Amelia,Milburn,amilburnmy@so-net.ne.jp,Female,2.142.247.149
828,Saloma,Voas,svoasmz@google.ca,Female,163.209.186.144
829,Pamela,Gladwish,pgladwishn0@webeden.co.uk,Female,238.52.252.161
830,Beverlee,Immins,bimminsn1@edublogs.org,Female,135.60.178.90
831,Allene,Valente,avalenten2@yale.edu,Female,56.172.119.204
832,Garik,Betho,gbethon3@mayoclinic.com,Male,119.150.84.177
833,Tori,Dominey,tdomineyn4@google.fr,Female,94.102.153.237
834,Lukas,Falks,lfalksn5@live.com,Male,199.173.18.121
835,Vera,Ducker,vduckern6@1688.com,Female,250.149.106.120
836,Hughie,Finlater,hfinlatern7@blogspot.com,Male,78.113.237.218
837,Marylee,Epsley,mepsleyn8@netvibes.com,Female,79.157.236.65
838,Wilden,Pert,wpertn9@fema.gov,Male,117.241.12.173
839,Haydon,Fowlestone,hfowlestonena@newsvine.com,Male,59.236.55.249
840,Pammy,Guppey,pguppeynb@buzzfeed.com,Female,47.162.247.27
841,Rabi,Woolen,rwoolennc@jalbum.net,Male,27.10.149.194
842,Chrisy,Abrashkin,cabrashkinnd@salon.com,Male,152.163.7.198
843,Stanislas,Westmore,swestmorene@qq.com,Male,116.116.130.46
844,Monah,Allwell,mallwellnf@usgs.gov,Female,225.246.58.238
845,Caprice,Woodroofe,cwoodroofeng@ycombinator.com,Female,150.7.49.140
846,Adaline,Zoppie,azoppienh@wordpress.com,Female,28.38.156.4
847,Pierre,Cunliffe,pcunliffeni@phoca.cz,Male,159.57.188.37
848,Kristofor,Sivill,ksivillnj@salon.com,Male,75.195.36.79
849,Aguie,Willans,awillansnk@home.pl,Male,80.110.104.178
850,Rick,Strongman,rstrongmannl@rakuten.co.jp,Male,211.76.46.117
851,Hubey,Gummory,hgummorynm@mediafire.com,Male,223.110.41.240
852,Mercy,Doy,mdoynn@youtube.com,Female,128.253.217.236
853,Katya,Winsom,kwinsomno@ebay.co.uk,Female,157.117.65.115
854,Rowen,Surridge,rsurridgenp@yandex.ru,Male,17.59.172.123
855,Lyndsay,Norres,lnorresnq@cnn.com,Female,150.185.205.24
856,Correy,Posnette,cposnettenr@webs.com,Female,100.69.224.170
857,Arlen,Cluff,acluffns@drupal.org,Male,223.149.3.241
858,Roosevelt,Thoday,rthodaynt@linkedin.com,Male,19.190.184.145
859,Morten,Alliott,malliottnu@phpbb.com,Male,146.148.119.49
860,Cathee,McGrotty,cmcgrottynv@wordpress.com,Female,232.202.90.187
861,Basia,Strelitzer,bstrelitzernw@salon.com,Female,204.76.11.82
862,Giffy,Orridge,gorridgenx@zdnet.com,Male,91.156.69.109
863,Slade,Dust,sdustny@mapquest.com,Male,122.202.220.174
864,Josias,Nail,jnailnz@t.co,Male,252.227.50.170
865,Addy,Andrieu,aandrieuo0@macromedia.com,Female,53.107.141.10
866,Valentino,Batchley,vbatchleyo1@apache.org,Male,98.219.8.198
867,Temple,Ondrasek,tondraseko2@blinklist.com,Male,194.6.171.162
868,Katharyn,Chellenham,kchellenhamo3@liveinternet.ru,Female,102.5.99.39
869,Lucias,Tetford,ltetfordo4@japanpost.jp,Male,47.222.45.68
870,Jervis,Elfe,jelfeo5@answers.com,Male,131.140.44.173
871,Craggie,Bremner,cbremnero6@cmu.edu,Male,103.178.96.63
872,Padraic,Gillitt,pgillitto7@jigsy.com,Male,248.254.138.147
873,Derek,Corp,dcorpo8@irs.gov,Male,224.201.167.116
874,Winthrop,Nix,wnixo9@scientificamerican.com,Male,11.208.73.241
875,Tanya,Stotherfield,tstotherfieldoa@adobe.com,Female,30.87.153.170
876,Leonidas,Pfiffer,lpfifferob@livejournal.com,Male,140.4.77.133
877,Wyn,Cannings,wcanningsoc@unicef.org,Male,53.40.85.182
878,Amandy,Domnin,adomninod@yale.edu,Female,232.179.90.181
879,Octavia,Shuxsmith,oshuxsmithoe@princeton.edu,Female,252.147.144.230
880,Filbert,Siaspinski,fsiaspinskiof@altervista.org,Male,234.155.83.151
881,Deanna,Bissex,dbissexog@wikia.com,Female,40.27.248.155
882,Devlen,Popov,dpopovoh@cornell.edu,Male,9.179.98.41
883,Marilyn,McAnulty,mmcanultyoi@fda.gov,Female,185.247.78.40
884,Vikki,Closs,vclossoj@mapy.cz,Female,162.234.14.33
885,Alaric,Glennie,aglennieok@bbb.org,Male,21.201.21.171
886,Vere,Tipper,vtipperol@storify.com,Female,20.105.245.8
887,Madelene,Faughnan,mfaughnanom@1688.com,Female,206.167.168.53
888,Jermaine,Stanner,jstanneron@g.co,Female,18.94.140.187
889,Nelly,Lusted,nlustedoo@europa.eu,Female,190.140.184.154
890,Elfreda,Iaduccelli,eiaduccelliop@google.ca,Female,109.139.192.144
891,Susette,Fassam,sfassamoq@moonfruit.com,Female,93.56.39.3
892,Berkly,Chedzoy,bchedzoyor@comcast.net,Male,12.121.205.254
893,Kalie,Shambrooke,kshambrookeos@t-online.de,Female,206.185.45.219
894,Rhoda,Hablot,rhablotot@bizjournals.com,Female,114.10.75.218
895,Rafael,Tottman,rtottmanou@webs.com,Male,189.33.209.130
896,Gherardo,Lindl,glindlov@odnoklassniki.ru,Male,169.192.178.189
897,Wade,Kleinhandler,wkleinhandlerow@auda.org.au,Male,210.101.223.19
898,Vicki,Sackey,vsackeyox@google.ru,Female,176.15.53.46
899,Desiri,Robinette,drobinetteoy@sourceforge.net,Female,126.109.235.253
900,Estella,Semper,esemperoz@senate.gov,Female,209.115.82.149
901,Rossie,Mangenet,rmangenetp0@amazon.co.uk,Male,79.162.8.17
902,Remington,Cossentine,rcossentinep1@ox.ac.uk,Male,4.121.184.10
903,Shina,McCaffrey,smccaffreyp2@360.cn,Female,21.173.164.103
904,Selle,Husby,shusbyp3@webnode.com,Female,131.90.51.124
905,Carling,Stobbie,cstobbiep4@omniture.com,Male,254.173.65.121
906,Forester,Scarth,fscarthp5@fema.gov,Male,193.43.85.85
907,Corilla,Keig,ckeigp6@51.la,Female,47.146.61.248
908,Whit,Lunk,wlunkp7@uol.com.br,Male,57.33.250.251
909,Lorry,Jerrans,ljerransp8@instagram.com,Male,22.247.62.154
910,Karyl,Doag,kdoagp9@shareasale.com,Female,193.159.108.17
911,Windham,Shapero,wshaperopa@webs.com,Male,76.53.191.14
912,Lezley,Palleske,lpalleskepb@godaddy.com,Male,4.101.47.6
913,Jens,Prudence,jprudencepc@gmpg.org,Male,36.144.8.89
914,Ainsley,Dawley,adawleypd@cdbaby.com,Female,189.67.40.4
915,Hobie,Maltby,hmaltbype@irs.gov,Male,220.15.151.192
916,Betty,Twine,btwinepf@e-recht24.de,Female,103.80.143.225
917,Jehu,Gollop,jgolloppg@hexun.com,Male,68.134.49.106
918,Kaleena,Corker,kcorkerph@redcross.org,Female,206.131.61.200
919,Gussy,Grasser,ggrasserpi@goo.ne.jp,Female,49.246.107.54
920,Rozanna,Jamison,rjamisonpj@java.com,Female,154.40.62.15
921,Olivier,Ties,otiespk@t.co,Male,46.141.127.86
922,Daveen,Drakers,ddrakerspl@prlog.org,Female,91.184.204.118
923,Luella,Henningham,lhenninghampm@mapquest.com,Female,54.115.91.5
924,Norma,Brownjohn,nbrownjohnpn@ycombinator.com,Female,173.149.242.3
925,Clementius,Hryniewicki,chryniewickipo@cdc.gov,Male,164.42.247.122
926,Yorker,Drayton,ydraytonpp@ft.com,Male,9.133.94.218
927,Ilyssa,Stock,istockpq@bloglines.com,Female,36.16.121.34
928,Griselda,Connah,gconnahpr@1und1.de,Female,183.188.150.255
929,Algernon,Joselin,ajoselinps@ebay.co.uk,Male,188.254.4.242
930,Marcia,Bamborough,mbamboroughpt@nsw.gov.au,Female,46.96.130.1
931,Pinchas,Beekman,pbeekmanpu@people.com.cn,Male,226.57.200.228
932,Bronnie,Villaron,bvillaronpv@newyorker.com,Male,113.166.35.255
933,Tina,Lickess,tlickesspw@jiathis.com,Female,227.74.124.226
934,Manuel,MacSween,mmacsweenpx@army.mil,Male,49.2.27.144
935,Meggy,Stokell,mstokellpy@blogs.com,Female,155.38.76.60
936,Madison,Knightsbridge,mknightsbridgepz@slideshare.net,Male,50.241.29.149
937,Fawnia,Hamson,fhamsonq0@google.com.hk,Female,49.246.86.123
938,Amory,Maberley,amaberleyq1@shareasale.com,Male,237.219.135.21
939,Kaitlyn,Domenici,kdomeniciq2@netvibes.com,Female,242.233.136.214
940,Caresa,Haveline,chavelineq3@t-online.de,Female,226.198.88.152
941,Hardy,Walne,hwalneq4@reuters.com,Male,209.226.11.222
942,Edlin,Bielfeldt,ebielfeldtq5@smh.com.au,Male,51.163.226.211
943,Kellsie,Caesar,kcaesarq6@msn.com,Female,119.241.245.85
944,Amandi,Tschiersch,atschierschq7@netlog.com,Female,86.54.8.241
945,Brewer,Feige,bfeigeq8@barnesandnoble.com,Male,245.199.65.18
946,Ellswerth,Cone,econeq9@netvibes.com,Male,94.46.151.188
947,Maribelle,Libero,mliberoqa@purevolume.com,Female,160.22.129.125
948,Kathryn,Adao,kadaoqb@plala.or.jp,Female,235.220.36.108
949,Elias,Roumier,eroumierqc@state.tx.us,Male,188.31.166.95
950,Darnell,Munn,dmunnqd@ted.com,Male,226.25.209.35
951,Valentino,Kirk,vkirkqe@soup.io,Male,236.110.205.83
952,Lotta,Allchin,lallchinqf@blogspot.com,Female,54.59.111.20
953,Adiana,Haswell,ahaswellqg@rediff.com,Female,73.65.109.225
954,Micah,Derwin,mderwinqh@hud.gov,Male,143.63.149.37
955,Leslie,Camin,lcaminqi@tuttocitta.it,Male,124.172.66.45
956,Falkner,Fumagallo,ffumagalloqj@howstuffworks.com,Male,185.79.12.223
957,Lanny,Beedon,lbeedonqk@nba.com,Female,184.60.152.230
958,Linn,Feirn,lfeirnql@vinaora.com,Male,232.94.156.95
959,Wyatt,Barnhart,wbarnhartqm@clickbank.net,Male,223.162.55.246
960,Stevie,Gymblett,sgymblettqn@guardian.co.uk,Male,80.86.168.96
961,Maisey,Benny,mbennyqo@bbb.org,Female,153.33.63.221
962,Reginauld,Madge,rmadgeqp@privacy.gov.au,Male,80.15.170.119
963,Merrel,Horning,mhorningqq@rediff.com,Male,120.64.72.89
964,Garvy,Jacob,gjacobqr@army.mil,Male,232.41.7.121
965,Francene,Chesterton,fchestertonqs@google.es,Female,114.186.6.100
966,Ernestus,Littlecote,elittlecoteqt@multiply.com,Male,166.49.244.226
967,Chrysa,Casiero,ccasieroqu@ning.com,Female,29.181.249.228
968,Lucky,Mityakov,lmityakovqv@pen.io,Female,131.47.16.112
969,Fawnia,Ruggiero,fruggieroqw@icio.us,Female,75.112.215.194
970,Corabelle,Aucoate,caucoateqx@imdb.com,Female,38.158.241.51
971,Frannie,Beecheno,fbeechenoqy@livejournal.com,Male,68.63.114.164
972,Rickey,Adriani,radrianiqz@google.cn,Male,190.216.205.50
973,Jorey,Stidston,jstidstonr0@uiuc.edu,Female,28.236.238.52
974,Joanie,Hegden,jhegdenr1@soup.io,Female,158.25.117.72
975,Phip,Roumier,proumierr2@google.ru,Male,163.106.176.115
976,Carin,Kippen,ckippenr3@artisteer.com,Female,20.209.94.126
977,Candie,Riediger,criedigerr4@imgur.com,Female,25.49.76.4
978,Adrianne,Pimblott,apimblottr5@yandex.ru,Female,246.194.158.194
979,Nichols,Quin,nquinr6@dedecms.com,Male,124.128.240.158
980,Emlyn,Delany,edelanyr7@furl.net,Female,223.43.154.173
981,Lissa,Hardison,lhardisonr8@youtu.be,Female,94.228.13.87
982,Andros,Goadbie,agoadbier9@blog.com,Male,243.201.25.37
983,Kriste,Perl,kperlra@phpbb.com,Female,109.13.71.1
984,Brooke,Couldwell,bcouldwellrb@hibu.com,Male,21.83.231.173
985,Carolus,McConnal,cmcconnalrc@cnbc.com,Male,60.35.131.6
986,Bettye,Deschelle,bdeschellerd@admin.ch,Female,238.69.118.183
987,Valma,Quinn,vquinnre@harvard.edu,Female,79.81.66.161
988,Annissa,Hartropp,ahartropprf@w3.org,Female,136.133.185.87
989,Pattie,Pontain,ppontainrg@dagondesign.com,Male,221.166.17.157
990,Colman,Randlesome,crandlesomerh@drupal.org,Male,36.231.72.191
991,Jo-ann,Chesney,jchesneyri@fastcompany.com,Female,196.99.252.112
992,Barthel,Conre,bconrerj@canalblog.com,Male,151.212.85.199
993,Tammy,Ceyssen,tceyssenrk@is.gd,Female,42.113.71.224
994,Glenn,Winslett,gwinslettrl@booking.com,Female,233.234.201.243
995,Benjamin,Lonie,blonierm@ehow.com,Male,136.141.71.112
996,Brigit,Quilter,bquilterrn@liveinternet.ru,Female,78.89.223.54
997,Bud,Allender,ballenderro@51.la,Male,29.98.174.239
998,Audry,Andreuzzi,aandreuzzirp@1688.com,Female,134.231.100.61
999,Webb,Rapley,wrapleyrq@indiatimes.com,Male,16.200.69.44
1000,Margaux,Tures,mturesrr@house.gov,Female,99.95.111.10
